{"cameraMode":{"drawMode":0,"name":"Shaded","section":"Shading Mode"},"sceneLighting":true,"audioPlay":false,"sceneViewState":{"m_AlwaysRefresh":false,"showFog":true,"showSkybox":true,"showFlares":true,"showImageEffects":true,"showParticleSystems":true,"showVisualEffectGraphs":true,"m_FxEnabled":true},"in2DMode":false,"pivot":{"x":16.890384674072267,"y":-12.840876579284668,"z":83.03172302246094},"rotation":{"x":0.06738471984863281,"y":0.04338747635483742,"z":-0.0029331757687032224,"w":0.9967803955078125},"size":56.89255142211914,"orthographic":false}