{"cameraMode":{"drawMode":0,"name":"Shaded","section":"Shading Mode"},"sceneLighting":true,"audioPlay":false,"sceneViewState":{"m_AlwaysRefresh":false,"showFog":true,"showSkybox":true,"showFlares":true,"showImageEffects":true,"showParticleSystems":true,"showVisualEffectGraphs":true,"m_FxEnabled":true},"in2DMode":false,"pivot":{"x":-0.17668341100215913,"y":4.705591678619385,"z":-55.52507781982422},"rotation":{"x":-0.16564176976680757,"y":-0.03253777325153351,"z":-0.0054681566543877129,"w":0.9856352806091309},"size":0.3307710289955139,"orthographic":false}